country,city,weight
United States,New York,25487
United States,Sunnyvale,16849
United States,,16039
United States,San Jose,15935
United States,Mountain View,14815
United States,San Francisco,13658
China,,13045
United Kingdom,London,12215
United States,Los Angeles,8929
United States,Seattle,7662
United States,Austin,7195
United States,Chicago,6526
Taiwan,,6279
Singapore,Singapore,5433
Canada,Toronto,4776
Hong Kong,,3685
United States,Santa Clara,3527
United States,Atlanta,3432
United States,Fremont,3108
South Korea,Seoul,2991
India,Bengaluru,2711
France,Paris,2581
United States,San Diego,2369
Peru,,2252
United States,Milpitas,2190
United States,Bellevue,2074
United States,Houston,1995
Germany,Frankfurt,1985
Spain,Madrid,1973
United States,Kirkland,1874
India,Chennai,1799
Ireland,Dublin,1771
United States,Jersey City,1768
United States,Ashburn,1759
United States,Redwood City,1739
Canada,Kitchener,1731
United Kingdom,,1728
United States,Irvine,1665
United States,Palo Alto,1654
Japan,,1609
United States,Oakland,1607
Brazil,Fortaleza,1576
United States,Boulder,1574
United States,Denver,1571
United States,Dallas,1565
Australia,Sydney,1557
United States,Philadelphia,1501
India,Delhi,1497
United States,Washington,1462
India,Mumbai,1434
United States,San Mateo,1427
United States,Las Vegas,1402
Canada,Montreal,1355
United States,Arlington,1354
Colombia,Bogota,1340
United States,Raleigh,1337
India,Hyderabad,1301
United States,Cambridge,1293
Spain,,1283
Brazil,Sao Paulo,1272
United States,Quincy,1236
United States,Sacramento,1217
Netherlands,Amsterdam,1214
United States,Boston,1213
Spain,Barcelona,1198
United States,San Bruno,1160
China,Shenzhen,1111
United States,Redmond,1074
Thailand,Bangkok,1060
United States,Cupertino,1052
United States,Phoenix,1046
United States,Salem,1022
United Kingdom,Newcastle upon Tyne,990
United States,Los Altos,973
United States,San Ramon,961
Indonesia,Jakarta,951
Mexico,Mexico City,940
Switzerland,Zurich,935
United States,Hayward,933
Italy,Milan,922
Spain,Cordoba,922
Japan,Shinjuku City,895
United States,Pleasanton,894
India,Kolkata,872
India,Pune,871
United States,Miami,854
Sweden,Stockholm,843
United States,Charlotte,841
Canada,Ottawa,829
Poland,Warsaw,815
United States,Columbus,813
Japan,Shibuya City,809
United States,San Antonio,796
Australia,Melbourne,777
United States,Santa Cruz,769
India,,751
United States,Ann Arbor,744
Canada,Calgary,739
United States,Reston,733
Canada,Vancouver,727
United States,Union City,725
United States,Fort Worth,722
United States,Kansas City,716
United States,South San Francisco,713
United States,Newark,691
France,,674
Singapore,,670
Puerto Rico,San Juan,669
United States,Plano,666
United States,Berkeley,665
Canada,Mississauga,652
United Kingdom,Bristol,650
China,Guangzhou,644
Canada,Waterloo,638
Germany,,631
United States,Portland,626
Israel,Tel Aviv-Yafo,623
United States,Honolulu,622
Argentina,Buenos Aires,612
United States,Madison,612
India,Ahmedabad,609
Spain,Santander,607
United Kingdom,Brighton,602
United States,Memphis,602
United States,Santa Monica,602
Chile,Santiago,599
Sri Lanka,Colombo,593
United States,Dublin,586
United States,Pittsburgh,584
Denmark,Copenhagen,583
New Zealand,Auckland,579
Argentina,Santa Fe,577
United States,Auburn,576
United States,Menlo Park,576
United States,Nashville,558
Italy,,548
United States,Detroit,548
Germany,Berlin,547
Turkey,Istanbul,540
Australia,Brisbane,537
Japan,Chiyoda City,530
India,Kochi,526
United States,Durham,522
Nigeria,Lagos,517
United States,Belmont,516
Spain,Alicante,514
United States,Frisco,514
Portugal,Lisbon,506
Germany,Munich,505
United States,Santa Ana,499
India,Gurgaon,497
United States,Eau Claire,497
United States,Independence,492
United States,Santa Rosa,486
United States,Richmond,480
India,Lucknow,478
China,Beijing,477
United States,Long Beach,475
United States,Los Gatos,467
India,Jaipur,466
Canada,,456
Canada,Brampton,456
Austria,Vienna,455
United States,Concord,447
Vietnam,Ho Chi Minh City,437
India,New Delhi,429
United States,Morgan Hill,429
United States,Round Rock,427
Mexico,Monterrey,425
Canada,Edmonton,410
India,Indore,410
United States,Highland Park,410
United States,Cincinnati,406
United States,Chicopee,401
United States,Eastvale,393
Poland,Krakow,392
United States,Norwalk,392
United States,Sammamish,392
Germany,Hamburg,389
United States,Jacksonville,389
India,Coimbatore,387
Finland,Helsinki,386
United States,San Carlos,386
United States,Lakewood,382
Japan,Edogawa City,373
Brazil,Santo Andre,371
United States,Indianapolis,371
United States,Reno,371
United States,The Woodlands,369
United States,Mercer Island,366
United States,Saratoga,366
United States,Fresno,362
United States,Evanston,359
Croatia,Zagreb,357
United States,Edison,357
United States,Naperville,356
Japan,Osaka,353
United States,Milwaukee,348
United Kingdom,Leeds,347
United States,Danville,347
India,Patna,346
Brazil,Uberlandia,345
Canada,Sherbrooke,345
United Arab Emirates,Dubai,345
United States,Canton,344
United States,Livermore,344
United States,Morrisville,344
United States,McLean,343
Belgium,Ghent,342
United States,Foster City,342
Japan,Yokohama,340
United States,Louisville,340
United States,Council Bluffs,337
United States,Ripley,337
Canada,Markham,336
United States,Davis,336
Czechia,Prague,334
Russia,Moscow,333
United States,Katy,330
United States,Orlando,328
Greece,Athens,327
France,Courbevoie,326
United States,Salt Lake City,325
India,Nagpur,323
United States,Rochester,323
United States,Union Hill-Novelty Hill,323
United States,Farmington Hills,322
United States,St. Louis,320
United States,Pasadena,316
United States,Campbell,314
United States,Walnut Creek,312
Philippines,Quezon City,311
United States,San Rafael,308
United States,Minneapolis,307
United States,Hollywood,306
China,Shanghai,305
United States,Alexandria,305
Brazil,Belo Horizonte,304
China,Qingdao,303
United States,Baltimore,303
Lithuania,Vilnius,302
Canada,Oakville,301
Germany,Cologne,301
United States,Lafayette,298
United States,Omaha,293
Italy,Rome,292
United States,Alameda,291
Uruguay,Montevideo,290
United States,New Albany,289
United States,Warren,289
Pakistan,Karachi,288
United States,Brookhaven,288
United States,Castro Valley,288
United States,Middletown Township,287
Japan,Chuo City,285
Israel,Be'er Sheva,284
Japan,Setagaya City,284
United States,Napa,283
United States,Troy,282
Sweden,Malmo,281
India,Navi Mumbai,280
Vietnam,Hanoi,280
France,Lyon,274
Romania,Bucharest,274
Canada,Winnipeg,273
United States,Bethesda,271
United States,Redondo Beach,270
Norway,Oslo Municipality,269
United States,Rocky Mount,269
Japan,Shinagawa City,268
United States,Virginia Beach,268
Malaysia,Kuala Lumpur,267
United States,Cleveland,267
United States,Albuquerque,262
United States,Aurora,262
United States,Grand Rapids,259
United States,Leander,259
Canada,Hamilton,257
China,Hangzhou,257
Italy,Bologna,257
Taiwan,Yilan City,257
United States,Sandalfoot Cove,257
India,Bhubaneswar,256
Kuwait,,256
United States,Santa Barbara,256
Philippines,Makati,255
Poland,Wroclaw,254
Pakistan,Lahore,253
Japan,Minato City,252
Japan,Koto City,251
South Africa,Cape Town,251
United States,Bloomington,249
India,Ludhiana,248
Morocco,Casablanca,248
United States,Knoxville,248
United States,Costa Mesa,246
United States,Issaquah,245
United States,Lakeland,245
India,Noida,244
United States,New Orleans,244
India,Pimpri-Chinchwad,243
United Kingdom,Edinburgh,243
United States,Fairfield,242
Australia,Perth,240
Netherlands,,240
United Kingdom,Southampton,239
India,Agra,237
United States,Marietta,237
United States,Edina,235
United States,Edinburg,234
United States,Everett,234
Mexico,Culiacan,233
United States,Lexington,232
United States,Tamalpais-Homestead Valley,232
United States,Torrance,230
Portugal,Porto,228
United States,Brandon,228
United States,Westfield,227
Spain,Girona,225
United States,Clifton,224
United States,Kearney,224
United States,Richardson,222
United States,Diamond Bar,221
China,Zhengzhou,220
Canada,Burnaby,219
United States,Buford,219
United States,Encinitas,219
Canada,Vaughan,218
Sri Lanka,,218
United States,Burlingame,218
United States,Centennial,217
United States,Mesa,217
United States,Pleasant Hill,217
United States,Leland,216
United States,Scottsdale,216
Brazil,Rio de Janeiro,215
United States,Jacksonville Beach,215
United States,Boca Raton,214
United States,Moncks Corner,213
United States,San Leandro,212
China,Wuhan,210
Hungary,Budapest,210
Sweden,Gothenburg,209
United States,Herndon,208
United States,Tucker,208
United States,Glendale,207
Canada,Quebec City,206
United States,Framingham,204
United States,Pflugerville,204
Bangladesh,Dhaka,203
Canada,Surrey,202
United States,Neptune Township,202
United States,Coral Springs,201
United States,Rockville,201
United States,Woodstock,201
Ireland,,200
United States,Stamford,200
Belgium,Brussels,199
Netherlands,Utrecht,199
Denmark,Odense,198
United States,Tampa,198
United Kingdom,Birmingham,197
United States,Ontario,196
United States,Lancaster,195
China,Chengdu,194
Italy,Turin,194
United States,Pryor,193
,,192
United States,Scotts Valley,192
United States,Tracy,192
United States,Sugar Hill,191
United States,Irving,189
United States,Lakeway,188
United States,New Rochelle,188
United States,Dalton,187
United States,Lenoir,187
United States,Thornton,187
United States,Spokane,186
United States,Wantagh,186
South Korea,Incheon,185
United States,Vallejo,185
Estonia,Tallinn,184
Japan,Sapporo,184
Philippines,,183
United Kingdom,Manchester,183
United States,Centreville,183
United States,Moline,183
Latvia,Riga,182
United States,Orange,182
Denmark,Aalborg,181
United States,Bridgeport,181
South Korea,Busan,180
United States,Goose Creek,180
Canada,Cambridge,179
United States,Colorado Springs,179
United States,Jackson Township,177
Spain,Granada,176
United States,Simpsonville,175
United States,Tempe,174
United States,Gainesville,173
United States,McKinney,173
United States,Yonkers,173
India,Surat,172
United States,Antioch,172
United States,Sioux Falls,172
India,Siliguri,171
United States,Bear Creek,171
United States,El Paso,171
United States,Little Falls,171
United States,Rochester Hills,171
Japan,Nagoya,170
United Kingdom,Canterbury,170
United States,Potomac Falls,170
India,Ghaziabad,169
Spain,Gijon,169
United States,Woburn,169
India,Guwahati,168
United States,Anaheim,168
United States,Cedar Park,168
United States,Kent,168
Canada,Richmond Hill,166
Dominican Republic,Santo Domingo,166
United States,Beaverton,166
United States,Birmingham,166
United States,Fleetwood,166
United States,Seven Hills,165
United States,Woodbridge Township,165
Kenya,Nairobi,164
Spain,Bilbao,164
United States,Broomfield,164
United States,Kentwood,164
Canada,Richmond,163
Malaysia,Johor Bahru,163
Taiwan,Zhongli District,163
United States,Chantilly,163
United States,Union,162
Belgium,Antwerp,161
Belgium,Mechelen,161
Colombia,Cali,161
Japan,Fukuoka,161
United States,Georgetown,161
United States,Ligonier,161
Finland,Tampere,159
United States,Chandler,159
United States,Cypress,159
United States,Hobart,159
Italy,Naples,158
United States,Chalco,158
United States,Millburn,158
United States,Hillsboro,157
United States,Medford,157
United States,Powell,157
United States,Summit,157
Egypt,Minya,156
Philippines,Manila,156
United States,Bedford,156
United States,Pacifica,156
Brazil,Salvador,155
India,Thiruvananthapuram,155
United Kingdom,Coventry,155
United States,Sugar Land,155
Netherlands,Leiden,154
Netherlands,The Hague,154
United States,Marysville,154
United States,Parkland,154
United States,Bend,153
United States,East Palo Alto,153
United States,Santa Clarita,153
Italy,Padua,151
United States,Doylestown,151
United States,Franklin,151
United States,Garland,151
United States,Wesley Chapel,151
Canada,Oshawa,149
United States,Castle Rock,149
United States,Parker,149
Brazil,Curitiba,148
United Kingdom,Bradford,148
France,Nanterre,147
United States,Columbia,147
United States,North Creek,147
Russia,,145
South Korea,Goyang-si,145
United States,Daly City,145
United States,Martinez,145
United States,Asheville,144
India,Visakhapatnam,143
United States,Gilbert,143
Philippines,Cebu City,142
Thailand,,142
United States,Germantown,142
United States,Roswell,142
United States,Wells,142
United States,Bothell,141
United States,Doraville,141
Germany,Norderstedt,140
Netherlands,Rotterdam,140
Spain,Seville,140
United States,Murfreesboro,140
Malaysia,Klang,139